<?xml version="1.0" encoding="UTF-8" standalone="yes"?>
<worksheet xmlns="http://schemas.openxmlformats.org/spreadsheetml/2006/main" xmlns:r="http://schemas.openxmlformats.org/officeDocument/2006/relationships" xmlns:mc="http://schemas.openxmlformats.org/markup-compatibility/2006" mc:Ignorable="x14ac xr xr2 xr3" xmlns:x14ac="http://schemas.microsoft.com/office/spreadsheetml/2009/9/ac" xmlns:xr="http://schemas.microsoft.com/office/spreadsheetml/2014/revision" xmlns:xr2="http://schemas.microsoft.com/office/spreadsheetml/2015/revision2" xmlns:xr3="http://schemas.microsoft.com/office/spreadsheetml/2016/revision3" xr:uid="{C4D51857-7175-F54D-A187-E44FA0060405}">

<dimension ref="A1:FTOTAL_ROWS" />

<sheetViews><sheetView tabSelected="1" zoomScaleNormal="60" zoomScaleSheetLayoutView="100" workbookViewId="0"><selection activeCell="A1" sqref="A1" /></sheetView></sheetViews><sheetFormatPr defaultRowHeight="15" x14ac:dyDescent="0.2" /><cols><col min="1" max="1" width="12.10546875" customWidth="1" /><col min="2" max="2" width="41.56640625" customWidth="1" /><col min="3" max="3" width="20.17578125" customWidth="1" /><col min="4" max="4" width="20.3125" customWidth="1" /><col min="5" max="5" width="13.1796875" customWidth="1" /><col min="6" max="6" width="13.71875" customWidth="1" /></cols><sheetData><row r="1" spans="1:6" ht="23.25" customHeight="1" x14ac:dyDescent="0.2"><c r="A1" s="2" t="s"><v>0</v></c><c r="B1" s="2" /><c r="C1" s="2" /><c r="D1" s="2" /><c r="E1" s="2" /><c r="F1" s="2" /></row><row r="2" spans="1:6" ht="23.25" customHeight="1" x14ac:dyDescent="0.2"><c r="A2" s="2" /><c r="B2" s="2" /><c r="C2" s="2" /><c r="D2" s="2" /><c r="E2" s="2" /><c r="F2" s="2" /></row><row r="3" spans="1:6" ht="23.25" customHeight="1" x14ac:dyDescent="0.2"><c r="A3" s="2" /><c r="B3" s="2" /><c r="C3" s="2" /><c r="D3" s="2" /><c r="E3" s="2" /><c r="F3" s="2" /></row>

<row r="4" spans="1:6" ht="18.75" x14ac:dyDescent="0.2">
<c r="A4" s="1" t="s"><v>1</v></c>
<c r="B4" s="1" t="s"><v>2</v></c>
<c r="C4" s="1" t="s"><v>3</v></c>
<c r="D4" s="1" t="s"><v>4</v></c>
<c r="E4" s="1" t="s"><v>5</v></c>
<c r="F4" s="1" t="s"><v>6</v></c>
</row>

INSERT_DATA_HERE

</sheetData><mergeCells count="1"><mergeCell ref="A1:F3" /></mergeCells><pageMargins left="0.7" right="0.7" top="0.75" bottom="0.75" header="0.3" footer="0.3" /></worksheet>