<?xml version="1.0" encoding="UTF-8" standalone="yes"?>
<workbook xmlns="http://schemas.openxmlformats.org/spreadsheetml/2006/main" xmlns:r="http://schemas.openxmlformats.org/officeDocument/2006/relationships" xmlns:mc="http://schemas.openxmlformats.org/markup-compatibility/2006" mc:Ignorable="x15 xr xr6 xr10 xr2" xmlns:x15="http://schemas.microsoft.com/office/spreadsheetml/2010/11/main" xmlns:xr="http://schemas.microsoft.com/office/spreadsheetml/2014/revision" xmlns:xr6="http://schemas.microsoft.com/office/spreadsheetml/2016/revision6" xmlns:xr10="http://schemas.microsoft.com/office/spreadsheetml/2016/revision10" xmlns:xr2="http://schemas.microsoft.com/office/spreadsheetml/2015/revision2"><fileVersion appName="xl" lastEdited="7" lowestEdited="7" rupBuild="27029" /><workbookPr showInkAnnotation="0" defaultThemeVersion="166925" /><xr:revisionPtr revIDLastSave="0" documentId="8_{CBF37412-B3AA-F34C-82D1-9F6542765944}" xr6:coauthVersionLast="47" xr6:coauthVersionMax="47" xr10:uidLastSave="{00000000-0000-0000-0000-000000000000}" /><bookViews><workbookView xWindow="0" yWindow="0" windowWidth="0" windowHeight="0" xr2:uid="{00000000-000D-0000-FFFF-FFFF00000000}" /></bookViews><sheets><sheet name="Sheet1" sheetId="1" r:id="rId1" /></sheets><calcPr calcId="191028" /><extLst><ext uri="{B58B0392-4F1F-4190-BB64-5DF3571DCE5F}" xmlns:xcalcf="http://schemas.microsoft.com/office/spreadsheetml/2018/calcfeatures"><xcalcf:calcFeatures><xcalcf:feature name="microsoft.com:RD" /><xcalcf:feature name="microsoft.com:Single" /><xcalcf:feature name="microsoft.com:FV" /><xcalcf:feature name="microsoft.com:CNMTM" /><xcalcf:feature name="microsoft.com:LET_WF" /><xcalcf:feature name="microsoft.com:LAMBDA_WF" /><xcalcf:feature name="microsoft.com:ARRAYTEXT_WF" /></xcalcf:calcFeatures></ext></extLst></workbook>